988989,ad,rbt.mci.ir
98735602,ad,ylad.ir
98735603,ad,ylad.ir
98735639,ad,irfarabi.com
981000951,ad,snap
983000203,ad,dgpy.ir
9830004606,ad,dgpy.ir
9850003103,ad,dgkl.me
9868000204,ad,Religious
9890000000,ad,asiatech
9890001365,ad,idehnic.ir
9890009256,ad,education
98100003050,ad,quera.org
981000227777,ad,tlnl.ink
982000971330,ad,41867.ir
984040102024,info,Gas
989981801655,ad,shatel
989998762700,ad,yun.ir
989999173417,ad,local store
989999178169,ad,local store
989999178737,ad,local store
985000388888877,ad,local store
9850000361930000,ad,dgka.me
